id,title,caption,image_url,timestamp,user_id
1,The Benefits of Meditation for Stress Relief,"
    <p>In today’s fast-paced world, productivity is essential. Here are <strong>10 tips</strong> that can help you get more done in less time.</p>
    <ul>
        <li>Plan your day in advance.</li>
        <li>Use time blocking to manage tasks.</li>
        <li>Take regular breaks.</li>
    </ul>
    <p>Implement these tips, and you’ll notice a significant boost in your <em>productivity</em>.</p>
    ",https://picsum.photos/200,2025-07-31T09:21:08.961489,3
2,10 Essential Life Skills You Need to Succeed,"
    <p>Coding can be an enjoyable journey when you have the right resources. Below are some useful tips:</p>
    <ul>
        <li>Practice daily, even for 30 minutes.</li>
        <li>Join coding communities.</li>
        <li>Work on real-life projects.</li>
    </ul>
    <p>By following these steps, you'll become a better programmer and enjoy the process more!</p>
    ",https://picsum.photos/200,2025-07-31T09:21:08.961489,3
3,The Benefits of Reading for Personal Growth,"
    <p>Healthy eating is the foundation of a good life. Here are some tips to keep in mind:</p>
    <ul>
        <li>Include more fruits and vegetables in your meals.</li>
        <li>Avoid processed foods as much as possible.</li>
        <li>Drink plenty of water throughout the day.</li>
    </ul>
    <p>Remember, your body is your temple, and nourishing it properly is key to a happy life.</p>
    ",https://picsum.photos/200,2025-07-31T09:21:08.961489,3
4,The Future of Artificial Intelligence in Healthcare,"
    <p>Traveling on a budget doesn’t mean missing out on great experiences. Here are some strategies to help:</p>
    <ul>
        <li>Book flights in advance.</li>
        <li>Stay in budget accommodations like hostels or Airbnbs.</li>
        <li>Use public transportation instead of taxis.</li>
    </ul>
    <p>With these tips, you can travel the world without breaking the bank!</p>
    ",https://picsum.photos/200,2025-07-31T09:21:08.961489,4
5,The Importance of Financial Literacy for Young Adults,"
    <p>Coding can be an enjoyable journey when you have the right resources. Below are some useful tips:</p>
    <ul>
        <li>Practice daily, even for 30 minutes.</li>
        <li>Join coding communities.</li>
        <li>Work on real-life projects.</li>
    </ul>
    <p>By following these steps, you'll become a better programmer and enjoy the process more!</p>
    ",https://picsum.photos/200,2025-07-31T09:21:08.961489,4
6,How to Build Strong Relationships with Your Clients,"
    <p>Starting a blog can be overwhelming, but following these steps will help you get started:</p>
    <ol>
        <li>Choose a niche you are passionate about.</li>
        <li>Select a blogging platform (like WordPress or Blogger).</li>
        <li>Write engaging and informative content.</li>
    </ol>
    <p>Once you have these basics in place, you’ll be well on your way to becoming a successful blogger.</p>
    ",https://picsum.photos/200,2025-07-31T09:21:08.961489,4
7,Essential Tools for Remote Work Success,"
    <p>Traveling on a budget doesn’t mean missing out on great experiences. Here are some strategies to help:</p>
    <ul>
        <li>Book flights in advance.</li>
        <li>Stay in budget accommodations like hostels or Airbnbs.</li>
        <li>Use public transportation instead of taxis.</li>
    </ul>
    <p>With these tips, you can travel the world without breaking the bank!</p>
    ",https://picsum.photos/200,2025-07-31T09:21:08.961489,5
8,The Power of Networking: How to Build Valuable Connections,"
    <p>In today’s fast-paced world, productivity is essential. Here are <strong>10 tips</strong> that can help you get more done in less time.</p>
    <ul>
        <li>Plan your day in advance.</li>
        <li>Use time blocking to manage tasks.</li>
        <li>Take regular breaks.</li>
    </ul>
    <p>Implement these tips, and you’ll notice a significant boost in your <em>productivity</em>.</p>
    ",https://picsum.photos/200,2025-07-31T09:21:08.961489,5
9,How to Create Engaging Video Content for Social Media,"
    <p>Coding can be an enjoyable journey when you have the right resources. Below are some useful tips:</p>
    <ul>
        <li>Practice daily, even for 30 minutes.</li>
        <li>Join coding communities.</li>
        <li>Work on real-life projects.</li>
    </ul>
    <p>By following these steps, you'll become a better programmer and enjoy the process more!</p>
    ",https://picsum.photos/200,2025-07-31T09:21:08.961489,5
10,10 Essential Life Skills You Need to Succeed,"
    <p>In today’s fast-paced world, productivity is essential. Here are <strong>10 tips</strong> that can help you get more done in less time.</p>
    <ul>
        <li>Plan your day in advance.</li>
        <li>Use time blocking to manage tasks.</li>
        <li>Take regular breaks.</li>
    </ul>
    <p>Implement these tips, and you’ll notice a significant boost in your <em>productivity</em>.</p>
    ",https://picsum.photos/200,2025-07-31T09:21:08.961489,6
11,How to Make Money with Affiliate Marketing,"
    <p>When managing stress, it’s important to practice self-care regularly. Here’s how:</p>
    <ul>
        <li>Practice mindfulness or meditation.</li>
        <li>Exercise regularly, even if it’s a short walk.</li>
        <li>Take time to disconnect from technology.</li>
    </ul>
    <p>By focusing on self-care, you can reduce stress and improve your overall well-being.</p>
    ",https://picsum.photos/200,2025-07-31T09:21:08.961489,6
12,The Benefits of Learning a New Language,"
    <p>Traveling on a budget doesn’t mean missing out on great experiences. Here are some strategies to help:</p>
    <ul>
        <li>Book flights in advance.</li>
        <li>Stay in budget accommodations like hostels or Airbnbs.</li>
        <li>Use public transportation instead of taxis.</li>
    </ul>
    <p>With these tips, you can travel the world without breaking the bank!</p>
    ",https://picsum.photos/200,2025-07-31T09:21:08.961489,6
13,How to Travel on a Budget: 20 Expert Tips,"
    <p>Healthy eating is the foundation of a good life. Here are some tips to keep in mind:</p>
    <ul>
        <li>Include more fruits and vegetables in your meals.</li>
        <li>Avoid processed foods as much as possible.</li>
        <li>Drink plenty of water throughout the day.</li>
    </ul>
    <p>Remember, your body is your temple, and nourishing it properly is key to a happy life.</p>
    ",https://picsum.photos/200,2025-07-31T09:21:08.961489,7
14,How to Manage Your Finances as a Freelancer,"
    <p>Freelancing offers many benefits like flexible working hours, but it can also come with challenges. Here’s how to make it work for you:</p>
    <ul>
        <li>Create a dedicated workspace.</li>
        <li>Set clear boundaries with clients.</li>
        <li>Manage your time effectively.</li>
    </ul>
    <p>By maintaining discipline, you can have a successful freelance career with a balanced life.</p>
    ",https://picsum.photos/200,2025-07-31T09:21:08.961489,7
15,A Guide to Self-Care for Busy Professionals,"
    <p>Investing in real estate can be a smart financial decision. Consider these factors before getting started:</p>
    <ul>
        <li>Research the market thoroughly.</li>
        <li>Start small with affordable properties.</li>
        <li>Work with experienced agents and investors.</li>
    </ul>
    <p>Real estate is a long-term investment, so be patient and plan for the future.</p>
    ",https://picsum.photos/200,2025-07-31T09:21:08.961489,7
16,How to Create a Minimalist Lifestyle,"
    <p>Meditation has numerous benefits for mental health. Here's how to start:</p>
    <ol>
        <li>Find a quiet place.</li>
        <li>Focus on your breath.</li>
        <li>Let go of any distractions.</li>
    </ol>
    <p>Try meditating for just <strong>10 minutes</strong> a day, and see how it changes your mind and body.</p>
    ",https://picsum.photos/200,2025-07-31T09:21:08.961489,8
17,How to Create a Minimalist Lifestyle,"
    <p>Traveling on a budget doesn’t mean missing out on great experiences. Here are some strategies to help:</p>
    <ul>
        <li>Book flights in advance.</li>
        <li>Stay in budget accommodations like hostels or Airbnbs.</li>
        <li>Use public transportation instead of taxis.</li>
    </ul>
    <p>With these tips, you can travel the world without breaking the bank!</p>
    ",https://picsum.photos/200,2025-07-31T09:21:08.961489,8
18,How to Start a Career in Web Development,"
    <p>Freelancing offers many benefits like flexible working hours, but it can also come with challenges. Here’s how to make it work for you:</p>
    <ul>
        <li>Create a dedicated workspace.</li>
        <li>Set clear boundaries with clients.</li>
        <li>Manage your time effectively.</li>
    </ul>
    <p>By maintaining discipline, you can have a successful freelance career with a balanced life.</p>
    ",https://picsum.photos/200,2025-07-31T09:21:08.961489,8
19,How to Effectively Manage Stress in Daily Life,"
    <p>Freelancing offers many benefits like flexible working hours, but it can also come with challenges. Here’s how to make it work for you:</p>
    <ul>
        <li>Create a dedicated workspace.</li>
        <li>Set clear boundaries with clients.</li>
        <li>Manage your time effectively.</li>
    </ul>
    <p>By maintaining discipline, you can have a successful freelance career with a balanced life.</p>
    ",https://picsum.photos/200,2025-07-31T09:21:08.961489,9
20,How to Develop a Growth Mindset for Success,"
    <p>Freelancing offers many benefits like flexible working hours, but it can also come with challenges. Here’s how to make it work for you:</p>
    <ul>
        <li>Create a dedicated workspace.</li>
        <li>Set clear boundaries with clients.</li>
        <li>Manage your time effectively.</li>
    </ul>
    <p>By maintaining discipline, you can have a successful freelance career with a balanced life.</p>
    ",https://picsum.photos/200,2025-07-31T09:21:08.961489,9
21,Top 5 Ways to Improve Your Mental Health,"
    <p>Coding can be an enjoyable journey when you have the right resources. Below are some useful tips:</p>
    <ul>
        <li>Practice daily, even for 30 minutes.</li>
        <li>Join coding communities.</li>
        <li>Work on real-life projects.</li>
    </ul>
    <p>By following these steps, you'll become a better programmer and enjoy the process more!</p>
    ",https://picsum.photos/200,2025-07-31T09:21:08.961489,9
22,The Benefits of Meditation for Stress Relief,"
    <p>Starting a blog can be overwhelming, but following these steps will help you get started:</p>
    <ol>
        <li>Choose a niche you are passionate about.</li>
        <li>Select a blogging platform (like WordPress or Blogger).</li>
        <li>Write engaging and informative content.</li>
    </ol>
    <p>Once you have these basics in place, you’ll be well on your way to becoming a successful blogger.</p>
    ",https://picsum.photos/200,2025-07-31T09:21:08.961489,10
23,How to Build a Strong Email Marketing Campaign,"
    <p>Coding can be an enjoyable journey when you have the right resources. Below are some useful tips:</p>
    <ul>
        <li>Practice daily, even for 30 minutes.</li>
        <li>Join coding communities.</li>
        <li>Work on real-life projects.</li>
    </ul>
    <p>By following these steps, you'll become a better programmer and enjoy the process more!</p>
    ",https://picsum.photos/200,2025-07-31T09:21:08.961489,10
24,How to Master the Art of Delegation,"
    <p>Coding can be an enjoyable journey when you have the right resources. Below are some useful tips:</p>
    <ul>
        <li>Practice daily, even for 30 minutes.</li>
        <li>Join coding communities.</li>
        <li>Work on real-life projects.</li>
    </ul>
    <p>By following these steps, you'll become a better programmer and enjoy the process more!</p>
    ",https://picsum.photos/200,2025-07-31T09:21:08.961489,10
25,The Power of Networking: How to Build Valuable Connections,"
    <p>Coding can be an enjoyable journey when you have the right resources. Below are some useful tips:</p>
    <ul>
        <li>Practice daily, even for 30 minutes.</li>
        <li>Join coding communities.</li>
        <li>Work on real-life projects.</li>
    </ul>
    <p>By following these steps, you'll become a better programmer and enjoy the process more!</p>
    ",https://picsum.photos/200,2025-07-31T09:21:08.961489,11
26,The Power of Networking: How to Build Valuable Connections,"
    <p>When managing stress, it’s important to practice self-care regularly. Here’s how:</p>
    <ul>
        <li>Practice mindfulness or meditation.</li>
        <li>Exercise regularly, even if it’s a short walk.</li>
        <li>Take time to disconnect from technology.</li>
    </ul>
    <p>By focusing on self-care, you can reduce stress and improve your overall well-being.</p>
    ",https://picsum.photos/200,2025-07-31T09:21:08.961489,11
27,The Art of Negotiation: Tips for Better Deals,"
    <p>Freelancing offers many benefits like flexible working hours, but it can also come with challenges. Here’s how to make it work for you:</p>
    <ul>
        <li>Create a dedicated workspace.</li>
        <li>Set clear boundaries with clients.</li>
        <li>Manage your time effectively.</li>
    </ul>
    <p>By maintaining discipline, you can have a successful freelance career with a balanced life.</p>
    ",https://picsum.photos/200,2025-07-31T09:21:08.961489,11
28,How to Stay Motivated When Working From Home,"
    <p>Freelancing offers many benefits like flexible working hours, but it can also come with challenges. Here’s how to make it work for you:</p>
    <ul>
        <li>Create a dedicated workspace.</li>
        <li>Set clear boundaries with clients.</li>
        <li>Manage your time effectively.</li>
    </ul>
    <p>By maintaining discipline, you can have a successful freelance career with a balanced life.</p>
    ",https://picsum.photos/200,2025-07-31T09:21:08.961489,12
29,How to Create a Sustainable Business Model,"
    <p>Investing in real estate can be a smart financial decision. Consider these factors before getting started:</p>
    <ul>
        <li>Research the market thoroughly.</li>
        <li>Start small with affordable properties.</li>
        <li>Work with experienced agents and investors.</li>
    </ul>
    <p>Real estate is a long-term investment, so be patient and plan for the future.</p>
    ",https://picsum.photos/200,2025-07-31T09:21:08.961489,12
30,The Future of Remote Collaboration Tools,"
    <p>Traveling on a budget doesn’t mean missing out on great experiences. Here are some strategies to help:</p>
    <ul>
        <li>Book flights in advance.</li>
        <li>Stay in budget accommodations like hostels or Airbnbs.</li>
        <li>Use public transportation instead of taxis.</li>
    </ul>
    <p>With these tips, you can travel the world without breaking the bank!</p>
    ",https://picsum.photos/200,2025-07-31T09:21:08.961489,12
